kernel,backend,family,file,status,detail,dtype
adaln_bwd_dx_dlnw_triton,triton,adaln,miniworld_engine/kernels/adaln/triton/training.py,ok,rel DCond=3.31e-03 DLnW=2.45e-03,bf16
adaln_bwd_pre_dx_triton,triton,adaln,miniworld_engine/kernels/adaln/triton/training.py,ok,rel D=8.13e-04 DX=3.13e-03,bf16
adaln_epilogue_saveact_triton,triton,adaln,miniworld_engine/kernels/adaln/triton/training.py,ok,rel Y=3.13e-03 Mean=1.61e-08 Rstd=2.02e-07 Gate=1.96e-03,bf16
adaln_epilogue_triton,triton,adaln,miniworld_engine/kernels/adaln/triton/inference.py,ok,rel out=3.22e-03,bf16
adaln_fwd_triton,triton,adaln,miniworld_engine/kernels/adaln/triton/inference.py,ok,rel out=3.32e-03,bf16
layernorm_fwd_strided_triton,triton,adaln,miniworld_engine/kernels/adaln/triton/fused3.py,ok,rel out=2.35e-03,bf16
augmented_attention_bwd_atomic_triton,triton,augmented_attention,miniworld_engine/kernels/augmented_attention/triton/memory_efficient.py,ok,rel dq=3.85e-03 dk=3.24e-03 dv=2.59e-03 dbias=4.42e-03,bf16
augmented_attention_bwd_pre_triton,triton,augmented_attention,miniworld_engine/kernels/augmented_attention/triton/main.py,ok,rel out=8.79e-08,bf16
augmented_attention_bwd_reduce_triton,triton,augmented_attention,miniworld_engine/kernels/augmented_attention/triton/main.py,ok,rel out=0.00e+00,bf16
augmented_attention_bwd_split_triton,triton,augmented_attention,miniworld_engine/kernels/augmented_attention/triton/main.py,ok,rel dq=2.55e-03 dk=2.85e-03 dv=3.69e-03 dbias=2.50e-03,bf16
augmented_attention_fwd_triton,triton,augmented_attention,miniworld_engine/kernels/augmented_attention/triton/main.py,ok,rel out=2.51e-03 m=9.66e-08,bf16
bias_only_attention_bwd_pre_triton,triton,bias_only_attention,miniworld_engine/kernels/bias_only_attention/triton/main.py,ok,rel out=7.28e-08,bf16
bias_only_attention_bwd_triton,triton,bias_only_attention,miniworld_engine/kernels/bias_only_attention/triton/main.py,ok,rel dv=1.14e-02 dbias=1.00e-02,bf16
bias_only_attention_fwd_triton,triton,bias_only_attention,miniworld_engine/kernels/bias_only_attention/triton/main.py,ok,rel out=1.02e-02 m=7.49e-04,bf16
gated_projection_bwd_dx_triton,triton,bias_only_attention,miniworld_engine/kernels/bias_only_attention/triton/gate_out.py,ok,rel d_out_r=2.34e-03 d_gate=3.18e-03 gated=1.94e-03,bf16
gated_projection_gate_gemm_triton,triton,bias_only_attention,miniworld_engine/kernels/bias_only_attention/triton/gate_out.py,ok,rel out=2.91e-03,bf16
cond_transition_bwd_swiglu_flat_triton,triton,conditioned_transition,miniworld_engine/kernels/conditioned_transition/triton/training.py,ok,rel out=1.36e-07,bf16
cond_transition_expand_swiglu_saveact_triton,triton,conditioned_transition,miniworld_engine/kernels/conditioned_transition/triton/fwd_saveact.py,ok,rel H=1.45e-03 AB=8.17e-04,bf16
cond_transition_expand_swiglu_triton,triton,conditioned_transition,miniworld_engine/kernels/conditioned_transition/triton/composed.py,ok,rel out=1.45e-03,bf16
cond_transition_fwd_b2b_saveact_triton,triton,conditioned_transition,miniworld_engine/kernels/conditioned_transition/triton/training.py,ok,rel Y=2.23e-03 AB=8.17e-04 H=1.45e-03 Out=2.25e-03 Scale=8.13e-04,bf16
cond_transition_fwd_b2b_triton,triton,conditioned_transition,miniworld_engine/kernels/conditioned_transition/triton/inference.py,ok,rel out=2.23e-03,bf16
cond_transition_squeeze_gate_saveact_triton,triton,conditioned_transition,miniworld_engine/kernels/conditioned_transition/triton/fwd_saveact.py,ok,rel Y=1.95e-03 Out=7.92e-04 Scale=8.13e-04,bf16
cond_transition_squeeze_gate_triton,triton,conditioned_transition,miniworld_engine/kernels/conditioned_transition/triton/composed.py,ok,rel out=1.95e-03,bf16
cond_transition_swiglu_triton,triton,conditioned_transition,miniworld_engine/kernels/conditioned_transition/triton/training.py,ok,rel out=8.94e-08,bf16
layernorm_fwd_rowscale_triton,triton,fused_ln_mask,miniworld_engine/kernels/fused_ln_mask/cute/fused_ln_mask.py,ok,rel out=7.76e-04,bf16
gated_projection_bwd_gate_flat_triton,triton,gated_projection,miniworld_engine/kernels/gated_projection/triton/main.py,ok,rel dg=3.01e-03 do=1.86e-03,bf16
gated_projection_bwd_gate_triton,triton,gated_projection,miniworld_engine/kernels/gated_projection/triton/main.py,ok,rel dgate=2.74e-03 drep=2.14e-03,bf16
gated_projection_gate_flat_triton,triton,gated_projection,miniworld_engine/kernels/gated_projection/triton/main.py,ok,rel out=2.09e-03,bf16
gated_projection_gate_triton,triton,gated_projection,miniworld_engine/kernels/gated_projection/triton/main.py,ok,rel out=2.08e-03,bf16
layernorm_bwd_split_cuda,cuda,layernorm,miniworld_engine/kernels/layernorm/cuda/layer_norm_cuda_kernel.cu,ok,rel dx=2.29e-03 dw=2.66e-03 db=1.67e-03,bf16
layernorm_bwd_reduce_cuda,cuda,layernorm,miniworld_engine/kernels/layernorm/cuda/layer_norm_cuda_kernel.cu,ok,rel dw=1.26e-03 db=1.56e-03,bf16
layernorm_fwd_cuda,cuda,layernorm,miniworld_engine/kernels/layernorm/cuda/layer_norm_cuda_kernel.cu,ok,rel y=2.74e-03 mean=2.01e-08 rstd=8.91e-08,bf16
layernorm_bwd_atomic_triton,triton,layernorm,miniworld_engine/kernels/layernorm/triton/main.py,ok,rel dx=2.60e-03 dw=2.54e-03 db=3.57e-03,bf16
layernorm_bwd_split_triton,triton,layernorm,miniworld_engine/kernels/layernorm/triton/persistent.py,ok,rel dx=1.98e-03 dw=2.66e-03 db=2.60e-03,bf16
layernorm_fwd_mmajor_triton,triton,layernorm,miniworld_engine/kernels/layernorm/triton/transpose.py,ok,rel out=2.76e-03,bf16
layernorm_fwd_saveact_triton,triton,layernorm,miniworld_engine/kernels/layernorm/triton/main.py,ok,rel out=2.51e-03,bf16
layernorm_linear_fwd_sm90_cute,cute,layernorm_linear,miniworld_engine/kernels/layernorm_linear/cute/gemm_layernorm_linear_fused.py,failed,AssertionError: SM90 (H100) only,bf16
layernorm_bwd_atomic_strided_triton,triton,layernorm_linear,miniworld_engine/kernels/layernorm_linear/triton/te_style.py,ok,rel dx=2.58e-03 dgamma=4.44e-07 dbeta=3.20e-07,bf16
layernorm_bwd_split_mmajor_triton,triton,layernorm_linear,miniworld_engine/kernels/layernorm_linear/triton/mmajor_bwd.py,ok,rel dx=2.46e-03 dgamma=5.47e-07 dbeta=1.04e-07,bf16
layernorm_fwd_recompute_noaffine_triton,triton,layernorm_linear,miniworld_engine/kernels/layernorm_linear/triton/recompute.py,ok,rel out=3.23e-03,bf16
layernorm_fwd_recompute_triton,triton,layernorm_linear,miniworld_engine/kernels/layernorm_linear/triton/recompute.py,ok,rel out=2.95e-03,bf16
layernorm_fwd_saveact_strided_triton,triton,layernorm_linear,miniworld_engine/kernels/layernorm_linear/triton/te_style.py,ok,rel x_normed=2.77e-03 mean=1.65e-08 rstd=1.78e-07,bf16
layernorm_linear_bwd_fp32_triton,triton,layernorm_linear,miniworld_engine/kernels/layernorm_linear/triton/pair_bias.py,ok,rel dx=2.16e-03 dln_weight=2.74e-03 dproj_weight=1.90e-03,bf16
layernorm_linear_fwd_fp32_triton,triton,layernorm_linear,miniworld_engine/kernels/layernorm_linear/triton/pair_bias.py,ok,rel out=2.16e-03 mean=2.04e-08 rstd=1.76e-07,bf16
layernorm_linear_fwd_triton,triton,layernorm_linear,miniworld_engine/kernels/layernorm_linear/triton/fused.py,ok,rel out=3.46e-03,bf16
layernorm_stats_triton,triton,layernorm_linear,miniworld_engine/kernels/layernorm_linear/triton/stats.py,ok,rel rstd=1.38e-07 c1=7.75e-08,bf16
trimul_gemm_gate_sm100_cute,cute,tm1,miniworld_engine/kernels/tm1/cute/sm100_gate_gemm_collective.py,failed,"OpError: OpError: expects arch to be one of [Arch.sm_100a, Arch.sm_100f, Arch.sm_101a, Arch.sm_101f, Arch.sm_103a, Arch.sm_103f],",bf16
trimul_gemm_sm100_cute,cute,tm1,miniworld_engine/kernels/tm1/cute/_blackwell_dense_gemm.py,failed,"OpError: OpError: expects arch to be one of [Arch.sm_100a, Arch.sm_100f, Arch.sm_101a, Arch.sm_101f, Arch.sm_103a, Arch.sm_103f],",bf16
gated_projection_gate_inplace_flat_triton,triton,tm1,miniworld_engine/kernels/tm1/cute/launch.py,ok,rel out=2.12e-03,bf16
gated_projection_gate_packed_flat_triton,triton,tm1,miniworld_engine/kernels/tm1/cute/launch.py,ok,rel out=2.15e-03,bf16
trimul_bwd_gate_recompute_triton,triton,tm1,miniworld_engine/kernels/tm1/triton/main.py,ok,rel dLA=2.71e-03 dLB=1.97e-03 dRA=2.73e-03 dRB=2.04e-03,bf16
trimul_gemm_gate_triton,triton,tm1,miniworld_engine/kernels/tm1/triton/main.py,ok,rel left=2.02e-03 right=2.10e-03,bf16
trimul_outproj_gemm_gate_sm90_cute,cute,tm2,miniworld_engine/kernels/tm2/cute/tm2_cute_kernel.py,failed,"OpError: OpError: expects arch to be sm_90a, but got sm_86",bf16
trimul_outproj_bwd_gate_recompute_triton,triton,tm2,miniworld_engine/kernels/tm2/triton/main.py,ok,rel dA=2.48e-03 dB=2.40e-03,bf16
trimul_outproj_gemm_gate_triton,triton,tm2,miniworld_engine/kernels/tm2/triton/main.py,ok,rel out=2.05e-03,bf16
transition_cast_cuda,cuda,transition,miniworld_engine/kernels/transition/cuda/transition_cuda_kernel.cu,ok,rel y=2.94e-03,bf16
transition_swiglu_cuda,cuda,transition,miniworld_engine/kernels/transition/cuda/transition_cuda_kernel.cu,ok,rel y=5.55e-03,bf16
transition_bwd_cuda,cuda,transition,miniworld_engine/kernels/transition/cuda/transition_cuda_kernel.cu,ok,rel dx=4.27e-03 dwa=4.08e-03 dwb=3.92e-03 dws=5.00e-03,bf16
transition_bwd_swiglu_gate_sm100_cute,cute,transition,miniworld_engine/kernels/transition/cute/gatebwd_sm100.py,failed,"OpError: OpError: expects arch to be one of [Arch.sm_100a, Arch.sm_100f, Arch.sm_101a, Arch.sm_101f, Arch.sm_103a, Arch.sm_103f],",bf16
layernorm_bwd_foldstats_triton,triton,transition,miniworld_engine/kernels/transition/triton/fused.py,ok,rel dx=2.26e-03 dgamma=4.33e-07 dbeta=5.38e-08,bf16
layernorm_fwd_recompute_foldstats_triton,triton,transition,miniworld_engine/kernels/transition/cute/fused.py,ok,rel xn=2.35e-03 vs_layer_norm=2.35e-03,bf16
transition_bwd_epilogue_triton,triton,transition,miniworld_engine/kernels/transition/cute/gatebwd_sm100.py,ok,rel dA=2.52e-03 dB=2.16e-03,bf16
transition_bwd_swiglu_recompute_triton,triton,transition,miniworld_engine/kernels/transition/triton/fused.py,ok,rel h=2.11e-03 dAB=2.22e-03 xn=3.06e-04,bf16
transition_bwd_transpose_packed_triton,triton,transition,miniworld_engine/kernels/transition/cute/backward_gatebwd.py,ok,rel contiguous=0.00e+00 strided_view=0.00e+00,bf16
transition_expand_swiglu_triton,triton,transition,miniworld_engine/kernels/transition/triton/main.py,ok,rel out=2.84e-03,bf16
transition_fold_triton,triton,transition,miniworld_engine/kernels/transition/triton/fold.py,ok,rel B=0.00e+00 S=9.84e-08 B2=1.23e-07,bf16
transition_fwd_b2b_ktiled_triton,triton,transition,miniworld_engine/kernels/transition/triton/fused.py,ok,rel out=3.35e-03,bf16
transition_fwd_b2b_triton,triton,transition,miniworld_engine/kernels/transition/triton/fused.py,ok,rel out=2.72e-03,bf16
transition_layernorm_expand_swiglu_triton,triton,transition,miniworld_engine/kernels/transition/triton/fused.py,ok,rel out=2.44e-03,bf16
triangle_attention_bwd_atomic_triton,triton,triangle_attention,miniworld_engine/kernels/triangle_attention/triton/atomic.py,ok,rel dq=8.44e-03 dk=7.83e-03 dv=4.22e-03 dbias=3.94e-03,bf16
triangle_attention_bwd_dkdv_triton,triton,triangle_attention,miniworld_engine/kernels/triangle_attention/triton/main.py,ok,rel dk=4.54e-03 dv=4.44e-03 dbias=3.34e-03,bf16
triangle_attention_bwd_dq_triton,triton,triangle_attention,miniworld_engine/kernels/triangle_attention/triton/main.py,ok,rel dq=3.28e-03,bf16
triangle_attention_bwd_pre_contig_triton,triton,triangle_attention,miniworld_engine/kernels/triangle_attention/triton/atomic.py,ok,rel out=6.01e-03,bf16
triangle_attention_bwd_pre_triton,triton,triangle_attention,miniworld_engine/kernels/triangle_attention/triton/main.py,ok,rel out=1.35e-07,bf16
triangle_attention_fwd_contig_triton,triton,triangle_attention,miniworld_engine/kernels/triangle_attention/triton/atomic.py,ok,rel out=2.54e-03 m=1.65e-07,bf16
triangle_attention_fwd_triton,triton,triangle_attention,miniworld_engine/kernels/triangle_attention/triton/main.py,ok,rel out=2.60e-03 m=1.61e-07,bf16
gated_projection_bwd_gate_recompute_flat_triton,triton,triangle_multiplication,miniworld_engine/modules/triangle_multiplication/baseline_dtv1.py,ok,rel d_gate=2.75e-03 d_proj=3.19e-03,bf16
trimul_gemm_gate_saveact_triton,triton,triangle_multiplication,miniworld_engine/modules/triangle_multiplication/baseline_dtv1.py,ok,rel ab=2.15e-03 sig_m=2.03e-06,bf16
trimul_outproj_gemm_gate_saveact_triton,triton,triangle_multiplication,miniworld_engine/modules/triangle_multiplication/baseline_dtv1.py,ok,rel ab=1.99e-03 sig=1.67e-06,bf16
trimul_gemm_gate_packed_sm100_cute,cute,trimul_inproj,miniworld_engine/kernels/trimul_inproj/cute/front_fused_gemm_sm100.py,failed,"OpError: OpError: expects arch to be one of [Arch.sm_100a, Arch.sm_100f, Arch.sm_101a, Arch.sm_101f, Arch.sm_103a, Arch.sm_103f],",bf16
gated_projection_bwd_gate_dropres_triton,triton,trimul_inproj,miniworld_engine/kernels/trimul_inproj/triton/gate_elem.py,ok,rel d_proj=2.17e-03 d_glogit=2.92e-03 d_proj_drop=2.35e-03 d_glogit_drop=3.09e-03 d_proj_preact=2.17e-03 d_glogit_preact=2.85e-03,bf16
gated_projection_gate_dropres_triton,triton,trimul_inproj,miniworld_engine/kernels/trimul_inproj/triton/gate_elem.py,ok,rel y=2.45e-03 gate=2.73e-03 y_dropres=3.00e-03,bf16
gated_projection_gate_packed_mmajor_triton,triton,trimul_inproj,miniworld_engine/kernels/trimul_inproj/cute/front_train_sm100.py,ok,rel lr_left=2.27e-03 lr_right=1.97e-03,bf16
trimul_bwd_gate_packed_recompute_triton,triton,trimul_inproj,miniworld_engine/kernels/trimul_inproj/triton/back_fused.py,ok,rel d_gLlog=1.79e-03 d_pL=2.13e-03 d_gRlog=1.85e-03 d_pR=2.22e-03,bf16
trimul_bwd_gate_packed_triton,triton,trimul_inproj,miniworld_engine/kernels/trimul_inproj/triton/back_fused.py,ok,rel d_gLlog=2.71e-03 d_pL=2.07e-03 d_gRlog=2.23e-03 d_pR=2.13e-03,bf16
trimul_bwd_gate_transpose_packed_triton,triton,trimul_inproj,miniworld_engine/kernels/trimul_inproj/triton/back_fused.py,ok,rel d_gLlog=2.21e-03 d_pL=2.02e-03 d_gRlog=3.11e-03 d_pR=2.18e-03 d_glogit=0.00e+00,bf16
trimul_gemm_gate_mmajor_triton,triton,trimul_inproj,miniworld_engine/kernels/trimul_inproj/triton/bidirectional.py,ok,rel left=1.96e-03 right=3.41e-03 preact_left=2.87e-03 preact_right=3.01e-03,bf16
trimul_gemm_gate_packed_mmajor_triton,triton,trimul_inproj,miniworld_engine/kernels/trimul_inproj/triton/front.py,ok,rel left=2.11e-03 right=1.98e-03,bf16
trimul_outproj_gemm_sigmoid_triton,triton,trimul_inproj,miniworld_engine/kernels/trimul_inproj/triton/front.py,ok,rel out=1.97e-03,bf16
trimul_outproj_layernorm_gemm_gate_triton,triton,trimul_inproj,miniworld_engine/kernels/trimul_inproj/triton/back.py,ok,rel y=2.78e-03 y_residual=2.28e-03,bf16
trimul_transpose_triton,triton,trimul_inproj,miniworld_engine/kernels/trimul_inproj/cute/front_sm100.py,ok,rel out=0.00e+00,bf16
