run_name,target_kind,target,device,torch_version,cuda_version,metric,unit,mode,compiled,cudagraph,precision,allow_tf32,sweep_axis,implementation,implementation_type,ln_implementation,input_dtype,parameter_dtype,execution_path,reference,output_max_abs,output_rel_frob,output_cosine,grad_max_abs,grad_rel_frob,grad_cosine,n_layers,n_augment,mask_prob,seq_len,tokens,batch_size,d_pair,d_single,d_single_token,d_single_atom,d_pair_atom,status,error,value
bias_attn_n_layers=1_inference_time_bf16-mixed_compile_cudagraph-manual_d_pair_d_sweep,kernel,bias_attn,NVIDIA RTX A6000,2.10.0+cu128,12.8,time,ms,inference,True,manual,bf16-mixed,True,d_pair,pytorch,pytorch,,bfloat16,bfloat16,pytorch.einsum,pytorch.einsum,,0.0,1.0000001192092896,,,,1,32,0.0,384,147456,1,128,384,768,128,16,ok,,0.3338240087032318
bias_attn_n_layers=1_inference_time_bf16-mixed_compile_cudagraph-manual_d_pair_d_sweep,kernel,bias_attn,NVIDIA RTX A6000,2.10.0+cu128,12.8,time,ms,inference,True,manual,bf16-mixed,True,d_pair,bias_only_fused,bias_only_fused,,bfloat16,bfloat16,kernels.bias_only_attention.triton.fused,pytorch.einsum,,0.0,1.0000001192092896,,,,1,32,0.0,384,147456,1,128,384,768,128,16,ok,,0.7055360078811646
bias_attn_n_layers=1_inference_time_bf16-mixed_compile_cudagraph-manual_d_pair_d_sweep,kernel,bias_attn,NVIDIA RTX A6000,2.10.0+cu128,12.8,time,ms,inference,True,manual,bf16-mixed,True,d_pair,triton_bias_attn,triton_bias_attn,,bfloat16,bfloat16,kernels.bias_only_attention.triton.main,pytorch.einsum,,0.005292155314236879,0.9999874830245972,,,,1,32,0.0,384,147456,1,128,384,768,128,16,ok,,0.3461120128631592
bias_attn_n_layers=1_inference_time_bf16-mixed_compile_cudagraph-manual_d_pair_d_sweep,kernel,bias_attn,NVIDIA RTX A6000,2.10.0+cu128,12.8,time,ms,inference,True,manual,bf16-mixed,True,d_pair,pytorch,pytorch,,bfloat16,bfloat16,pytorch.einsum,pytorch.einsum,,0.0,0.9999997615814209,,,,1,32,0.0,384,147456,1,256,384,768,128,16,ok,,0.6594560146331787
bias_attn_n_layers=1_inference_time_bf16-mixed_compile_cudagraph-manual_d_pair_d_sweep,kernel,bias_attn,NVIDIA RTX A6000,2.10.0+cu128,12.8,time,ms,inference,True,manual,bf16-mixed,True,d_pair,bias_only_fused,bias_only_fused,,bfloat16,bfloat16,kernels.bias_only_attention.triton.fused,pytorch.einsum,,0.0,0.9999997615814209,,,,1,32,0.0,384,147456,1,256,384,768,128,16,ok,,1.4172159433364868
bias_attn_n_layers=1_inference_time_bf16-mixed_compile_cudagraph-manual_d_pair_d_sweep,kernel,bias_attn,NVIDIA RTX A6000,2.10.0+cu128,12.8,time,ms,inference,True,manual,bf16-mixed,True,d_pair,triton_bias_attn,triton_bias_attn,,bfloat16,bfloat16,kernels.bias_only_attention.triton.main,pytorch.einsum,,0.005365675315260887,0.9999869465827942,,,,1,32,0.0,384,147456,1,256,384,768,128,16,ok,,0.7311360239982605
bias_attn_n_layers=1_inference_time_bf16-mixed_compile_cudagraph-manual_d_pair_d_sweep,kernel,bias_attn,NVIDIA RTX A6000,2.10.0+cu128,12.8,time,ms,inference,True,manual,bf16-mixed,True,d_pair,pytorch,pytorch,,bfloat16,bfloat16,pytorch.einsum,pytorch.einsum,,0.0,0.9999997615814209,,,,1,32,0.0,384,147456,1,512,384,768,128,16,ok,,1.341439962387085
bias_attn_n_layers=1_inference_time_bf16-mixed_compile_cudagraph-manual_d_pair_d_sweep,kernel,bias_attn,NVIDIA RTX A6000,2.10.0+cu128,12.8,time,ms,inference,True,manual,bf16-mixed,True,d_pair,bias_only_fused,bias_only_fused,,bfloat16,bfloat16,kernels.bias_only_attention.triton.fused,pytorch.einsum,,0.0,0.9999997615814209,,,,1,32,0.0,384,147456,1,512,384,768,128,16,ok,,2.8835840225219727
bias_attn_n_layers=1_inference_time_bf16-mixed_compile_cudagraph-manual_d_pair_d_sweep,kernel,bias_attn,NVIDIA RTX A6000,2.10.0+cu128,12.8,time,ms,inference,True,manual,bf16-mixed,True,d_pair,triton_bias_attn,triton_bias_attn,,bfloat16,bfloat16,kernels.bias_only_attention.triton.main,pytorch.einsum,,0.0053461394272744656,0.9999873042106628,,,,1,32,0.0,384,147456,1,512,384,768,128,16,ok,,1.5431679487228394
